tweet_id,text,location_mentions
ID_768765856562249729,"RT @Federation: Response to #ItalyEarthquake continued through the night: 426 volunteers, 109 vehicles & 2 field kitchens deployed.",
ID_769106921781600256,"$67,960 raised of $1,000,000 goal after 1 day. Italy Earthquake Relief Fund on @globalgiving: #prayforitaly",Italy=>COUNTRY
ID_768493516955713537,"RT @GlobalGiving: The #ItalyEarthquake has caused significant damage. Survivors need your help to access food, water, and medicine.",
ID_768735948423258112,RT @NatureNews: Risk of severe aftershocks following #ItalyEarthquake,
ID_768484961225699328,RT @S_T_O_P_TERROR: This photo shows the level of destruction of #ItalyEarthquake,
ID_768751195523612672,Send a message to 45500 to donate ❤️ὤFἿB #PrayingForItaly #ItalyEarthquake #terremoto RT and Spread to HELP ἞E἟9,
ID_769663482845286400,RT @andreanatalemd: next week several establishments in #ATX are raising money to support those affected by the #ItalyEarthquake #donate ht,
ID_769591369941803008,RT @dlawyers: To donate to the victims of the #ItalyEarthquake pls visit the official website of @crocerossa Italian Red Cross @,
ID_769954250038337537,RT @DKurdistan: Israeli aid group building shelters for Italy quake victims  #Israel ἞E἟1 #Italy ἞E἟9 #ItalyEarthquake #,Italy=>COUNTRY * Israel=>COUNTRY * Italy=>COUNTRY
ID_768502135961030656,"#PrayForItaly donate, donate἞E἟9❤️",
ID_769967953022427139,RT @ItalyinUS: A sincere GRAZIE for your support! For more on how 2 support victims of the #ItalyEarthquake,
ID_768766893117280257,RT @BlogRArmitage: How you can help the survivors of the powerful earthquake in Italy ✨✨✨✨✨ #ItalyEarthquake #Amatrice,Italy=>COUNTRY
ID_768875468644814849,"My latest #Italyearthquake Theyre dead, too:Survivors of Italian quake take stock of loved ones and property lost",
ID_768499537413636096,"RT @antoniodelotero: to help the survivors of the #ItalyEarthquake, donate here: - - -http",
ID_768565130523189248,"RT @SputnikInt: URGENT: Death toll in #ItalyEarthquake rises to at least 159, officials confirm.",
ID_768678349430484992,"Italy earthquake: 247 deaths, towns completely ruined #ItalyEarthquake #amatrice now @ilario82 on air @RaiNews",Italy=>COUNTRY
ID_768482369951133697,"RT @ApplePr0ductFan: #apple Rescuers are still searching for victims of the #ItalyEarthquake. Heres how you can help, via CNN ",
ID_769511877999259649,RT @ChallengeStar_: #EatforItaly NYC restaurants to #donate pasta sales to #ItalyEarthquake victims. See list:  http,NYC=>CITY
ID_769470724318855168,Updated info to donate directly to the villages!  pls share #prayforitaly #TerremotoItalia,
ID_768483401213079552,RT @itvnews: A dog has been rescued from a collapsed building following the devastating #ItalyEarthquake,
ID_768507069607600128,RT @OfficialWithHL: You can call or text 45500 if you want to donate something! ❤️ #PrayForItaly,
ID_769032627051438080,"Emergency workers, many volunteers, bring basic supplies to tent camp for newly homeless. #ItalyEarthquake #CBC",
ID_768714526095183872,@WaliyhaxxMalik Can you contact Zayn please? We need his supportὢD❤ #PrayForItaly,
ID_769587157929517060,RT @antigoni_pagali: shop from Italia Team on Etsy to support earthquake victims #earthquakeaid #PrayForItaly  via,Italia=>COUNTRY
ID_768490005413199872,@zaynmalik ZAYN PLEASE HELP US TO DONATE #PrayForItaly,
ID_768760370177708034,Volunteers distributing food near #Amatrice #ItalyEarthquake #terremoto,Amatrice=>CITY
ID_768492712458878976,Text a message with ❤ at 45500 for donate 2 euros #PrayForItaly,
ID_769173339755642881,Satellite pics show ground fallen 20 cms at #Accumoli after #italyearthquake amid more aftershocks. @Agenzia_Ansa,
ID_768705116694339584,"Death toll in the 6.2-magnitude #ItalyEarthquake has risen to 247, said Italys civil protection agency",
ID_768508435038109697,"RT @CBSNews: UPDATE: Death toll from #ItalyEarthquake rises to 120, hundreds injured, official says",
ID_768788775342333952,The emergency shelter provided in Arquata del Tronto; homes on the hill behind have collapsed #ItalyEarthquake,Arquata del Tronto=>CITY
ID_768653131001409539,RT @mshowdimascio: Help spread the word fellow Italian-Canadians. @LazioClubCanada doing their best to get relief going for #ItalyEarthquak,Italian=>COUNTRY * Canadians=>HUMAN-MADE POINT-OF-INTEREST
ID_768505826243964928,120 people died.. #PrayForItaly,
ID_768516598311313408,RT @Seeker_Fans: Please guys help our beloved Country to rise up You can donate here:  #ItalyEarthquake #PrayForIta,
ID_768538976655474690,RT @gabriellamileti: @niaforg is raising money for the earthquake victims. Please help & donate at  #PrayForItaly ht,
ID_769209856523919360,RT @SputnikInt: URGENT: Death toll in #ItalyEarthquake rises to 278  #Italy,Italy=>COUNTRY
ID_769019686906425344,RT @UPI: #ItalyEarthquake update: At least 250 killed as more aftershocks jolt rescue efforts,
ID_768812092363272192,RT @inoverdosedite: My country is partly destroyed but its still the most beautiful. Were strong. #PrayForItaly,
ID_768582078367690752,RT @SophiaBush: 1. Reports coming out of #ItalyEarthquake say that folks in the town affected will be in dire need of blankets and warm clo,
ID_768515233467990016,Over 120 people confirmed dead -my heart goes out to all the families during this awful time ❤️἞E἟9 #tooclosetohome #ItalyEarthquake,
ID_768879948610281472,"Seriously wondering if I can do anything to help re #italyearthquake. Will be in area in 10 days, though 100km off. How can Londoners help?",
ID_768499994882088962,"Call 45500 if you wanna donate something, thank you #PrayForItaly",
ID_768527137770991616,RT @CraigSilverman: This photo of a damaged church is not from the earthquake in central Italy:  #italyearthquake ht,Italy=>COUNTRY
ID_768849275442827264,I know they need shoes and clothes for all and in particular for children in #Amatrice #Accumoli #ItalyEarthquake,Amatrice=>CITY
ID_768646628077174784,"RT @fedhere: How To Help Italy Earthquake Victims: 8 Ways to donate, if you are in Italy or abroad #terremoto #ItalyEarthquake",Italy=>COUNTRY * Italy=>COUNTRY
ID_769084001667674114,RT @milossofia: @milossofia #ItalyEarthquake the number has risen to 250 people dead and 360 wounded . Devastating Ὁ4,
ID_768517185601990658,#BREAKING: Italian firefighter chief said a 8-year-old girl was pulled out alive from the rubble. #ItalyEarthquake @CBSNewYork,
ID_768882558163623936,RT @theOFDA: .@USGS reports M6.2 #ItalyEarthquake hit in early AM followed by aftershocks. Our experts in the region r monitoring,
ID_768715214355390464,"Clothes, yes, but its the lack of medical assistance thats the biggest concern:-/ #italyearthquake",
ID_769208740591656961,"Search & rescue operations still underway in #Amatrice, 3 days after #ItalyEarthquake #terremoto #afptv @afpfr @AFP",Amatrice=>CITY
ID_768721626842234880,"RT @unisdr: #ItalyEarthquake: Death toll reaches 247, rescue efforts continue #switch2sendai #IDDR2016",
ID_769251219290386432,Bronxs Little Italy launches earthquake relief fund #Italy #BronxLittleItaly #NYC #ItalyEarthquake #ArthurAvenue,Bronxs Little Italy=>NEIGHBORHOOD * Italy=>COUNTRY * NYC=>CITY
ID_768869636234420224,RT @serthx: Men lost his newborn. #terremoto #ItalyEarthquake #Italy #PrayForItaly #Amatrice #pescaradeltronto,Italy=>COUNTRY
ID_769248662660743168,"Questo Mese: #ItalyEarthquake Relief, #Calabria coastal towns and 2017 #heritagetour dates -",Calabria=>CITY
ID_768728087857102848,"Please, share this message, its very important for us to get all the help you can give!",
ID_768720673829158912,Lista di farmaci urgenti #terremoto Urgently needed medications #ItalyEarthquake RETWEET,
ID_768704104608702465,Write a message at 45500 to help Who lost everything with 2€!! Its important! #PrayingForItaly #ItalyEarthquake #PrayForItaly,
ID_768864215645974528,"Death toll from #ItalyEarthquake is now 250, the Civil Protection agency says. More than 360 people were injured. #ItalyQuake",
ID_768595803128598528,RT @chiccaromanista: I can not believe more than 159 people have died from another earthquakeὢDὤ8 #PrayForItaly ἞E἟9,
ID_769088242364846080,RT @gulestweet: Refugees volunteering in the relief effort #ItalyEarthquake #ItalyQuake #terremoto,
ID_769126935637135360,RT @MadForItaly: Help Italy #Amatrice #ItalyEarthquake #donate,Italy=>COUNTRY
ID_768696857132400640,RT @NBCNews: Watch dramatic video as 10-year-old is rescued from #ItalyEarthquake rubble,
ID_768500083826552832,3/4 of town of Amatrice destroyed in 6.2 magnitude #ItalyEarthquake. Aftershock felt as far as Rome.,Rome=>STATE
ID_768529360911491072,RT @stylesmyshine: Donate al 45500 ❤️ #TerremotoItalia #PrayForItaly,
ID_769908654350995457,RT @investinothers: How To Help Victims Of #ItalyEarthquake  #volunteer #donateblood #donate,
ID_768838527475970048,RT @cnni: Latest on #ItalyEarthquake • Struck at 3:36 am • At least 37 dead • Rescue efforts underway underway,
ID_768536395736547328,I dont know if the number works outside Italy but if you want to help us this is the number. #ItalyEarthquake #Italy,Italy=>COUNTRY * Italy=>COUNTRY
ID_768917278058541057,RT @JohnHuddyFNC: Working through the night as the aftershocks and search for survivors continue. #Amatrice #ItalyEarthquake,Amatrice=>CITY
ID_769098668016271362,RT @SkyNewsAust: The death toll from the #ItalyEarthquake has risen to 267 #Italy #ItalyQuake,Italy=>COUNTRY
ID_768702395408846848,RT @ItalyinGeorgia: #ItalyEarthquake #Emergency #Number activated for people calling from outside #Italy. Call if in need.,Italy=>COUNTRY
ID_769127880534155264,"RT @BillNeelyNBC: Hopes of finding more survivors in #ItalyEarthquake are fading. 267 dead,scores missing & more aftershocks. My report on",
ID_768776858246709248,reato di disastro colposo some recently built buildings are being investigated for irregularities #ItalyEarthquake,
ID_768816402283294720,RT @TrendingReport: UPDATE: At Least 247 Dead as Earthquake Rocks Central Italy  #PrayForItaly,Italy=>COUNTRY
ID_768560044212453378,RT @kcrajavora: Plenty of aftershocks #ItalyEarthquake,
ID_769291146761760768,RT @DEloveftNeens: If you can and want to help this is the link to donate to @crocerossa #PrayingForItaly #ItalyEarthquake RT ❤️ὤFἿB἞E἟9,
ID_769232099907960832,"RT @andreas212nyc: From @airbnb_it to @crocerossa + @niaforg, how to help those affected by the #earthquake in Italy",Italy=>COUNTRY
ID_768877575938699264,"RT @Tanya_Diaaz: One of my friends, Maria, died during the #ItalyEarthquake.. My thoughts are with her family, and her sister younger @aest",
ID_768854254291447809,RT @nicjones81: #ItalyEarthquake death toll rises to almost 250 - People are in shock - says @TDellaLonga from @crocerossa,
ID_769161377034432512,"RT @joelleyden: Israeli Search, Rescue Teams Are in Italy #ItalyEarthquake #Italy #Israel #Jewish #humanitarian #UN #IDF @IsraelMFA",Italy=>COUNTRY * Italy=>COUNTRY * Israel=>COUNTRY
ID_768495412701491200,@ShelterBox #ItalyEarthquake link now up! donate now!!!,
ID_769663449576210432,RT @TrishaThomasAP: Destroyed town of Sommati #ItalyEarthquake,Sommati=>CITY
ID_768873567723327488,"RT @orderofmalta: Doctors, nurses & rescue workers of the Italian Relief Corps @CISOM of the #OrderofMalta aiding in #ItalyEarthquake",
ID_768523224640581633,EARTHQUAKE IN ITALY Dog pulled alive from the rubble #ItalyEarthquake,ITALY=>COUNTRY
ID_768752134145859585,RT @RT_com: LIVE NOW: Rescue op in #PescaraDelTronto after 6.2 #ItalyEarthquake,PescaraDelTronto=>CITY
ID_769561612361555968,RT @avivaplc: At #Aviva were supporting the Italian Red Cross’s #ItalyEarthquake relief efforts to help those impacted,
ID_769141613738201088,RT @C4Ciaran: 49 confirmed dead in Pescara del Tronto is almost 50% of the towns population. Awful. #ItalyEarthquake,Pescara del Tronto=>CITY
ID_768678425171288064,"RT @CBCTheNational: At least 159 killed, 3 towns demolished in devastating #ItalyEarthquake",
ID_768472691477209088,"RT @kathyireland: Italy earthquake: at least 73 killed in mountain villages – live  Please, #PrayForItaly",Italy=>COUNTRY
ID_768550755271835649,"RT @OL_America: .#ItalyEarthquake #Outlander For more info on local and international donations, go to",
ID_768591248143818756,@RestingPlatypus please spread the world. Text to 45550 to donate €2 for the victims of the earthquake in Italy. Thank you.#ItalyEarthquake,Italy=>COUNTRY
ID_768845054068809728,Heres a link if you want to #donate to help victims of #ItalyEarthquake:,
ID_768748180792115201,"The damages seen using a drone in #Amatrice ,#Italy #ItalyEarthquake #PraysForItaly #terremoto #TerremotoItalia",Amatrice=>CITY * Italy=>COUNTRY
ID_769043047548092416,"In Preci, woke up to more aftershocks. Theyre minor, though, just little shakes that last a few seconds each. #terremoto #ItalyEarthquake",Preci=>CITY
ID_768525424821428224,"RT @CNN: Death toll in #ItalyEarthquake rises to at least 120, Prime Minister Matteo Renzi says",
ID_768820313006153728,click for donations from outside Italy. Thank you. Rt. #terremoto #ItalyEarthquake #italianredcross #fundraiser,Italy=>COUNTRY
ID_768476059515969538,"RT @inesanma: Vatican: As a sign of closeness to the victims of the #ItalyEarthquake, Pope Francis sent six of the Vatican firemen to help",Vatican=>HUMAN-MADE POINT-OF-INTEREST * Vatican=>CITY
ID_768502282300317696,RT @Survomez: Donate! 45500 #PrayForItaly #terremoto,
ID_769051640318029824,RT @OrijiSucre: A message of solidarity to 45500 would assist quake victims. #Doyourbit #terremoto #ItalyEarthquake,
ID_768723984011685892,Yesterday i went to bed and there were 169 victims. Today i woke up and the numbers is unbelievable. 247 victims. #ItalyEarthquake #Italy,Italy=>COUNTRY
ID_768711574156550144,RT @WorldVisionUK: #ItalyEarthquake: Death toll reaches 247 (). #WorldVision teams are assessing relief response htt,
ID_768827913538011136,"@EnricaCarosella #ItalyEarthquake the buildings resisted Earthquakes since 1600. The quake this time was too strong. It lasted 2,30 minutes",
ID_768804432041631745,"RT @purposhes: please, sign this petition to help all the victims἞E἟9  #PrayingForItaly #prayforitaly",
ID_768806051500191744,RT @Uldouz: 6 believed dead after 6.1 earthquake in central Italy #PrayforItaly ὤFἿC,Italy=>COUNTRY
ID_769063418645114880,"RT @cctvnews: Death toll from #ItalyEarthquake rises to 267, nearly 400 injured, said the county’s civil protection department",
ID_768790486605828096,RT @fareprogressi: #ItalyEarthquake Were raising funds for the mayors of the towns most affected Please donate  htt,
ID_768795967902679040,Girl pulled from rubble as Italy earthquake toll hits 252 #Amatrice #ItalyEarthquake #ItalyQuake,Italy=>COUNTRY
ID_768532015557775360,"@bryanaholly please Bry, donate 2€ for ItalyὉ5 We need help #ItalyEarthquake",
ID_768531859210854400,"RT @thesoliva78: The sun rises over collapsed buildings following an earthquake in Amatrice, central Italy, 08/24/2016 #prayforItalyὤF",Amatrice=>CITY * Italy=>COUNTRY
ID_768669186751078400,#BREAKING Death toll from #ItalyEarthquake just raised to 247. Officials say three towns reduced to rubble. #wcvb,
ID_768527706879320064,Last update. Death toll: 120. #earthquake #prayforitaly #BreakingNews,
ID_769482554076528640,"RT @ricdil1: Not only humans, rescue of a dog. #ItalyEarthquake #PrayingForItaly",
ID_769554881417969664,"#ItalyEarthquake sad news coming from #Amatrice :death toll has raised to 290,10 Romanians among them ὡ4ὡ4",Amatrice=>CITY
ID_769180163364052992,RT @dreamofitaly: Join a #virtualsagra for #italyearthquake relief in honor of #amatrice and #amatriciana  /,
ID_768541676059197440,RT @DAN_Europe: Feeling close to people affected by #ItalyEarthquake. Our trained staff are on the scene to provide help & support rescue o,
ID_769830658319454208,British charity #ShelterBox to give emergency survival kits to remotest areas hit by #ItalyEarthquake,
ID_768475670242533380,perfavore donate! #PrayForItaly,
ID_768510973653032960,RT @gioiasounds: my country needs every single one of you today. please text or call 45500 to donate. thank you. #PrayForItaly,
ID_768548785265926144,"those wishing to donate goods to victims of #ItalyEarthquake,can do so at the following collection points in Rome",Rome=>STATE
ID_769257181820686337,"Prau and help also, please!",
ID_768764081264295936,Fantastic initiative @MiBACT! Sun Aug 28 #Italy state museums ticket sales to be donated to #ItalyEarthquake relief!,Italy=>COUNTRY
ID_769151520503762945,The death toll from an earthquake that flattened parts of central Italy rose to 267 on Friday. #ItalyEarthquake,Italy=>COUNTRY
ID_768537761997529089,"@TheKelliGiddish Pls, cpuld ask the usa citizens on holiday in Italy to donate blood in our hospitals ? Thank you #ItalyEarthquake Tx",Italy=>COUNTRY
ID_768726058967371776,Please help!we need you! We are in emergency! I beg all my contacts from Italy and abroad to send us help in all way possible!#PrayForItaly,Italy=>COUNTRY
ID_768504358170398721,RT @NBCNews: LATEST: At least 120 people killed and 368 wounded after 6.2 #ItalyEarthquake,
ID_768571969352572928,#BREAKING - Death toll to massive #earthquake in #Italy rises to 159 #ItalyEarthquake,Italy=>COUNTRY
ID_768622685584842752,RT @Echinanews: Death toll from powerful #ItalyEarthquake of 6.2magnitude climbs to at least 159 late Wednesday,
ID_768549418593312770,"RT @IHSIndiana: How To Help Italy Earthquake Victims: 8 Ways To Donate Blood, Money And Goods For Relief  #ItalyEart",Italy=>COUNTRY
ID_768499845963186176,"RT @imNadimRamAli: 73 people have died, according to Italian officials in earthquake Oh God pls mercy upon us, we are urs children. #Pra",
ID_768976077951799297,RT @abcnews: UPDATE: Eight foreigners confirmed among dead in #ItalyEarthquake — aftershocks hampering rescue efforts in Amatrice,Amatrice=>CITY
ID_768527936500760580,Please donate 2€ for Italy sending a text at this number -----> 45500 #PrayForItaly #ItalyEarthquake #terremoto,Italy=>COUNTRY
ID_769446957911793664,Today in Italys National Mourning. 300 people died due to a terrible earthquake.There are still missing. Today we stop. #PrayforItaly,Italys=>COUNTRY
ID_768547619455074305,More Than 120 Dead In Italy Earthquake As Towns Turned To Ruins ὢ2 #ItalyEarthquake,Italy=>COUNTRY
ID_768841501908594688,"Thursday at dawn, non stop digging in the rubble. #ItalyEarthquake",
ID_769463233862336512,ὣ3ὣ6 290 people died #ItalyEarthquake #PrayingForItaly #Italy,Italy=>COUNTRY
ID_769561307767070720,RT @ali_burrasque: My story from #ItalyEarthquake. Refugees reach out to victims among xenophobic tensions,
ID_769220401968840705,RT @RedCrossNorth: Our colleagues in the Italian Red Cross continue to carry out their search and rescue work. #ItalyEarthquake,
ID_769070722480300032,RT @RedCrossAU: First on the scene and still there: @crocerossa rescue teams dig through the rubble after #ItalyEarthquake,
ID_768541608396587009,RT @twitelena: Click below link and in less of a minute you can help the victims #prayforItaly,
ID_769225809726963713,"RT @dwnews: UPDATE: #ItalyEarthquake death toll rises to 247, according to authorities in the country #terremoto",
ID_768812549513080833,"RT @SputnikInt: URGENT: #ItalyEarthquake death toll at 241, not prev. reported 247 - Civil Protection Dept",
ID_768791575220682753,RT @AlisonBurnsJazz: #ItalyEarthquake #DisplacedEarthQuakePets PLS PLS DONATE or RT & help  @rickygervais @PeterEgan,
ID_768889024689733632,"RT @orderofmalta: Listen to the @news_va_en interview with Giorgio Minguzzi, #OrderofMalta volunteer in #Amatrice #ItalyEarthquake /",Amatrice=>CITY
ID_768889744952483840,RT @PerfectFdn: Italy Earthquake Relief and Recovery Fund ! Donate -  Kindly Spread the world Plz RT #aiutiterremoto,Italy=>COUNTRY
ID_769477915511775232,RT @ricdil1: #ItalyEarthquake #PrayingForItaly Day of national mourning for 290 victims Oggi #luttonazionale #Brazil,Brazil=>COUNTRY
ID_768740174096367616,"Non-permanent balance: 247 deaths. A huge, unbearable massacre. #PrayForItaly #PrayingForItaly #TerremotoItalia #Italy #ItalyEarthquake",Italy=>COUNTRY
ID_769600204374994944,So many people died. Still praying and thinking of all the victims #PrayForItaly,
ID_769171213017092097,Search for survivors in #ItalyEarthquake continues as death toll rises to 267,
ID_768670601347272704,"Please, #NightShift family,RT 2 help Italy after #ItalyEarthquake! Use Paypal/CreditCard:",Italy=>COUNTRY
ID_768746870416011264,RT @Cindy_Wooden: Heart breaking. Death toll from #ItalyEarthquake rises to 247. Many children who were spending last weeks of summer with,
ID_768887345059917826,RT @dmitryzaksAFP: #ItalyEarthquake death toll nears 250 @AFPs @ellaafp and @AngusM1966 via @YahooNews,
ID_768688969471102976,RT @tiniskwerl: #ItalyEarthquake 3:30am 6mi #Norcia 247 Dead Same Intensity as 2009 #Italy #lAquila #Earthquake 308 Dead #Aftershock :,Norcia=>CITY * Italy=>COUNTRY
ID_768590994837307396,You can do it. #ItalyEarthquake #Donate #Terremoto,
ID_769796108574949376,Italian firefighters hoisted up on top of homes in Arquata to check structure. #ItalyEarthquake,Arquata=>CITY
ID_769274845343383553,#ItalyEarthquake @bluehousekorea @peopleparty21 DOGS IN #ITALY SAVE CHILDREN❗ DOGS IN #SouthKorea ARE BOILED ALIVE❗,ITALY=>COUNTRY * SouthKorea=>COUNTRY
ID_769563239931846656,RT @favouritizm: Please #donate or #RT to help the #Earthquake victims of #Lazio  #ItalyEarthquake #TerremotoItalia,Lazio=>STATE
ID_768758797380780032,"@JohannahDarling please send a message to (+39) 45500 to donate 2 euros, italy needs you #PrayForItaly",italy=>COUNTRY
ID_769469133113131008,"#ItalyEarthquake: 500+ volunteers are on the ground providing emergency supplies, first aid and psychosocial suppo",
ID_768852712540831745,RT @valebochicchio_: Donate #terremoto #earthquake #prayforitaly #RedCross #CroceRossa,
ID_768484888098050052,"73 people death in Italy cuz of the #earthquake ..53 in Lazio, and 23 in The Marche..we hope the number doesnt grow. #PrayForItaly",Lazio=>CITY * The Marche=>STATE
ID_769181744616448000,RT @dreamofitaly: All Dream of Italy profits 8/24 - 9/2 will be donated to @crocerossa for #italyearthquake relief #TerremotoItalia,Italy=>COUNTRY
ID_769188171645120512,RT @Gertsroyals: Buckingham Palace has announced that the Queen has made a personal donation to Italian Red Cross @CroceRossa for #ItalyEar,
ID_769114334022758400,#ItalyEarthquake: crocerossa is running 2 mobile kitchens to provide hot meals in worst-affected areas. Latest info,
ID_769093653864284161,"RT @GlobalGiving: Survivors of the 6.2M #ItalyEarthquake need emergency supplies like food, water, and medicine — donate today",
ID_768509475498098688,Anther body found in #Amatrice #ItalyEarthquake death toll is rising every hour. Please pray 4 the survivors,Amatrice=>CITY
ID_768845090764754945,RT @alaskaHQ: Italy’s civil protection service says the death toll has reached 250. #ItalyEarthquake,Italy=>COUNTRY
ID_768847224101081089,Quake: Provisional death toll revised down to 241 #prayforitaly #ItalyEarthquake #devastation  via @Agenzia_Ansa,
ID_768512701727404032,RT @Annahemms123: @5SOS_Daily can u pls help us spreading the voice that Italy needs donations rn (text or call 45500) thank u so much #Pra,Italy=>COUNTRY
ID_768887362810150912,For those who want to help this is the Italian Red Cross bank account created for #ItalyEarthquake #PrayingForItaly,
ID_768941402302607360,RT @JON_D84: Is anyone aware of any local Italian charities helping the earthquake victims #TerremotoItalia #ItalyEarthquake @Massimiliano5,
ID_768546408471289856,RT @Macromaps: No. You misunderstood. They need blankets and shelter not prayers! #ItalyEarthquake,
ID_768738189355970560,.@PosteNews is accepting donations for #ItalyEarthquake victims:  @PostEurop,
ID_769108945017434112,RT @bardolino_sun: Visiting any #NationalMuseum in Venice this Sunday? All money taken will be donated to the victims of the earthquake #It,Venice=>CITY
ID_769142504218365953,"Along with the British couple killed in #ItalyEarthquake, the child of family friends also died. 14 year old Marcos Burnett. @SkyNews",
ID_768744969154785280,"please, help us, share and donate. 45500 #italy #prayforitaly #terremoto #PrayingForItaly",italy=>COUNTRY
ID_768854294154121216,RT @KethakiM: The town of Amatrice now described as apocalyptic by Italian Red Cross @TDellaLonga #ItalyEarthquake,Amatrice=>CITY
ID_768875866923364352,RT @Reuters: Drone captures quake destruction:  #ItalyEarthquake,
ID_768832717496745984,if u want to donate money to help people affected by the earthquake on  #prayforItaly or here,
ID_769511031852920832,RT @cctvnews: #ItalyEarthquake death toll climbs to 290 as country holds mass funeral for 35 victims,
ID_768572301122109440,#ItalyEarthquake: sadly the death toll has risen to 159 #PrayForItaly,
ID_768688874184998912,RT @TDOT_Italians: #prayforitaly Ὁ9἞E἟9 • Click the link to DONATE ὤFἿC,
ID_768673847428124672,"#ItalyEarthquake near #Amatrice in the Apennines killed 247+, injured hundreds and displaced over 2700 people (CPA). 300 aftershocks in 24h.",Amatrice=>CITY * Apennines=>NATURAL POINT-OF-INTEREST
ID_768843584435027968,Still new aftershocks - the full respect of the guidelines is fundamental for volunteers security #ItalyEarthquake,
ID_768504697120579586,120 people died !! I dont want to believe it!!! RIP ὢ2ἳ9❤ #ItalyEarthquake,
ID_770011757649813504,"RT @abcnews: Five days after the deadly #ItalyEarthquake, more bodies have been located under the rubble",
ID_768859479677042688,@TheEllenShow @jk_rowling can you please retweet so your followers might donate to the @crocerossa #ItalyEarthquake,
ID_768567753846456320,"UPDATE: Death toll rises to 159 after Italy quake, more than 360 injured. #ItalyEarthquake",Italy=>COUNTRY
ID_768489609642795009,"@brielarson @SophiaBush @Alyssa_Milano We need help! Share this link, please <3",
ID_768737110635450368,"247 people dead  The youngest is a baby who was only 8 months old ! ὢ5ὢ5 I have no words, only tears ὢD #PrayForItaly ἞E἟9",
ID_769296654386229248,RT @corinna_p: @jesseleesoffer can you please RT this? @LaStampa fund can be used to help the victims of the #ItalyEarthquake ἞E἟9❤️ /,
ID_768742330434252800,Death toll in #ItalyEarthquake nearly doubles but searchers hold out hope more survivors will be found. Latest #wcvb,
ID_768904107809701888,RT @niaforg: Join #NIAF in supporting the victims of the #ItalyEarthquake -ALL proceeds go toward rebuilding stricken communities,NIAF=>COUNTY
ID_768517177188159488,Help Us with a Donation please.. @Louis_Tomlinson @NiallOfficial @LiamPayne @Harry_Styles #PrayForItaly #terremoto,
ID_768571728880607232,#DonateNow to help #ItalyEarthquake Disaster Relief efforts @Shelterbox #TerremotoItalia,
ID_768704319248076801,RT @Miawallace888: #Italieséisme #ItalyEarthquake Death Toll Climbs to 159 After Earthquake in Central Italy - ABC News -,Italy=>COUNTRY
ID_768706348699705344,"RT @cnnbrk: #ItalyEarthquake death toll rises to 247, 24 hours after quake, officials say.",
ID_769041352713797632,RT @DisasterChannL: MT @emergenzavvf: #ItalyEarthquake: The rescue work by #firefighters does not stop #earthquake #SearchAndRescue #SAR ht,
ID_768682564714233856,RT @iskandrah: #BREAKING Death toll from #ItalyEarthquake rises to 159 with search for life ongoing at this hour,
ID_769041203115487232,RT @DisasterChannL: MT @emergenzavvf: #ItalyEarthquake: #Firefighters rescue #dog from the rubble after 30 hrs: returned2 owner in tears ht,
ID_769248459266424833,"RT @Stefania_6290: How to help the victims of the Italy earthquake  via @HuffPostImpact please, RT, we need help #It",Italy=>COUNTRY
ID_768856751609348100,"RT @KaosReport: DIY! In Napoli, social center @ExOpgJesopazzo has collected tons of donations for #TerremotoItalia #ItalyEarthquake",Napoli=>CITY
ID_768788401214676993,RT @LovesItalian: The areas worst-hit by the earthquake. Death toll rises to 247. #prayforitaly,
ID_769303673327325184,RT @romewise: Head to #italy museums Sunday to help #ItalyEarthquake victims. #museums4italy @MiBACT @Turismoromaweb,italy=>COUNTRY
ID_768759802944249857,"RT @harvylicious: #ItalyEarthquake Text or call 45500 to donate, or whatever you do to donate is a huge help! #PrayingForItaly Thanks Ὁ6",
ID_768774785362984960,"#PrayForItaly 241 dead from devastating earthquake: 11 from Accumoli, 184 from Amatrice, 46 from Arquata , and there is fear of more",Accumoli=>CITY * Amatrice=>CITY * Arquata=>CITY
ID_770019669486993413,"RT @RedCrossAU: .@crocerossa teams still providing health care, support for ppl affected by #ItalyEarthquake which claimed over 280 lives",
ID_769160074627547141,[PaoloGentiloni]: RT ItalyMFA: Contribute from abroad via crocerossa to help out people affected by #ItalyEarthqua,
ID_768889408447741952,@MattBomer I know youre very selfless. Could u please help to share this? to get donation for #ItalyEarthquake ἰD,
ID_768671385233330181,The death toll in Umbria keeps climbing. So sad. #ItalyEarthquake,Umbria=>CITY
ID_768487442823380993,Per favore donate €2 al 45500! #terremoto #prayforitaly,
ID_768661060127567872,RT @VicenteLozadaB: #Drone footage shows extent of damage after #ItalyEarthquake.  Fuente: @Reuters @chematierra @,
ID_769169066867187713,Last #TripAdvisor review H .Restaurant in #Amatrice called #Roma collapsed for #earthquake #prayforitaly #terremoto,Amatrice=>CITY * Roma=>CITY
ID_769127839446728704,RT @MorningsMaria: Death toll in #ItalyEarthquake rises to 267; aftershocks rattle devastated region.  /,
ID_768756768558153728,RT @orderofmalta: #OrderofMalta activated a mobile unit assistance to aid those in #Amatrice #ItalyEarthquake,Amatrice=>CITY
ID_768837189404921857,RT @DOTW_UK: #Refugees living on €2.50 a day have clubbed together & donated their pocket money to #ItalyEarthquake victims: .,
ID_768813108525723652,"A gathering of food is currently going on in the Postal Office of #Cascia in Piazza San Francesco, 2 CAP 06043 Cascia (PG) #ItalyEarthquake",Cascia=>CITY * Piazza San Francesco=>HUMAN-MADE POINT-OF-INTEREST * Cascia=>CITY
ID_768569901753704448,"More than 159 earthquake victims.for the moment. These numbers make me crying, Im really sad! ὢ2#PrayForItaly ἞E἟9",
ID_768648601643909120,@crocerossa Any volunteer teams going to affected cities from Rome today ? We are visiting here and want to help. #ItalyEarthquake,Rome=>CITY
ID_769747932937617409,Victims of the #ItalyEarthquake are in dire need of financial aid. #TerremotoItalia,
ID_768535420661628928,If you are not in Italy and you want to help the victims of the eartquake. Thank you <3 It means a lot for us,Italy=>COUNTRY
ID_769929296601231360,#ItalyEarthquake want to help from the US? Here’s how to do it with a text.,US=>COUNTRY
ID_768638181017325569,RT @923AmpRadioRico: 8 Year old pulled alive from #ItalyEarthquake rubble by rescue crews. Thanks to God alone. Amazing.,
ID_768803757421240321,RT @JackieibanezFNC: UPDATE: #ItalyEarthquake death toll climbs to 247.,
ID_769212576039313408,RT @HeartLondonNews: The Queens made a personal donation to the Italian Red Cross who are helping after #ItalyEarthquake. #HeartNews,Italian Red Cross=>HUMAN-MADE POINT-OF-INTEREST
ID_769496027170758656,RT @SkyNewsBreak: Italian authorities say the number of people killed in the earthquake has risen to 290 as bodies continue to be recovered,Italian=>COUNTRY
ID_770089633870909440,"RT @claudiodsf: Interesting gallery, annotated by a civil engineer, on the effect of #ItalyEarthquake on buildings",
ID_769913595433984000,"#ItalyEarthquake #TerremotoItalia great effort of emergency services. Speed and full fprce, #Italy at its best",Italy=>COUNTRY
ID_768475020976918528,RT @Global_Montreal: Live Coverage: Powerful earthquake in Italy kills at least 73 #ItalyEarthquake,Italy=>COUNTRY
ID_768698317371047937,RT @Onuitalia: #ItalyEarthquake: #UNESCO task force #Unite4Heritage deployed for first time,UNESCO=>DISTRICT
ID_768480102451642368,Donate Now & Help Italys population [PayPal  ] IBAN: IT40F0623003204000030631681 @kobebryant #ItalyEarthquake,
ID_768875443621621760,RT @RegioneLazio: #ItalyEarthquake #PrayingforItaly how can you help from abroad? You may donate by bank transfer with these details :,
ID_768532074437472258,"Thanks @TheEllenShow i apprecciate, its a disaster here lot of people are died and injured",
ID_768470340246835204,Its like a war zone a woman tells me. Damage from #italyearthquake in Amatrice.,Amatrice=>CITY
ID_768812667670765568,RT @AnupKaphle: These asylum-seekers donated their one days allowance to #ItalyEarthquake recovery,
ID_769228363705835524,"Latest from #ItalyEarthquake. Death toll 279, 388 wounded, 238 rescued, 2400 homeless. #BreakingNews",
ID_769503562774740992,You can #donate to the #ItalianRedCross in favor of the victims of the #italyearthquake,
ID_768764035949006848,RT @TheLocalItaly: #ItalyEarthquake: Restaurants donate for servings of towns famous pasta dish #Amatrice,Amatrice=>CITY
ID_769799550097850368,#ItalyEarthquake if you are in #italy today visit a public #museum. tickets money go2 quake hit area #museums4italy,italy=>COUNTRY
ID_768876860000366592,RT @BBCRadio2: We look at how rescuers are searching for survivors in the rubble after the #ItalyEarthquake #r2vine,
ID_768533728779984896,#ItalyEarthquake #TerremotoItalia Per dare un contributo / To donate IBAN IT17E0335901600100000145551 BIC BCITITMX. Grazie / Thank You,
ID_768685609598812160,RT @TerryMcSweeney: Aid from #BayArea for #ItalyEarthquake victims. Not just $ being sent. @nbcbayarea at 11,
ID_769773790813302784,RT @Clayton_Sandell: New @DigitalGlobe satellite images show terrible destruction from #ItalyEarthquake. This is the town of Amatrice. http,Amatrice=>CITY
ID_768903726421594112,RT @BlogRArmitage: How to help victims of the Italy earthquake ✨✨✨✨✨ #ItalyEarthquake #Amatrice @CNNI,Italy=>COUNTRY * Amatrice=>CITY
ID_768847829536219136,"RT @MinCanadaFA: To donate, please contact @redcrosscanada at 1-800-418-1111 #ItalyEarthquake",
ID_768504703298797568,RT @PDChina: Update: Italian Premier Matteo Renzi says death toll from #ItalyEarthquake rises to 120.,Italian=>COUNTRY
ID_768499312900857856,"RT @artvhes: PLEASE DONATE TO 45500 JUST SEND A MESSAGE, IT REALLY CAN HELP A LOT #PrayForItaly",
ID_768761801236475904,RT @RT_com: WATCH LIVE: Rescue operations continue after #ItalyEarthquake  #terremoto,
ID_769910041113686016,"One of the positive thing is the presence of amazing people, qualified Aid in #Amatrice Thanks to all with all our heart #ItalyEarthquake",
ID_768683120082182146,RT @Iam_BrookeSmith: KEEP HOPING there are more rescued! #ItalyEarthquake Italian quake: Rescuers free 10-year-old girl trapped by rubble h,Italian=>COUNTRY
ID_769145187557842944,"RT @smaguiredaily: The earthquake in Italy is devastating. Many people lost everything. If you can help, please do. #PrayforItaly",Italy=>COUNTRY
ID_768537722239627264,"If you want to donate to the #ItalianRedCross via #paypal go to . page is Italian only, but easy #italyearthquake",
ID_768570037405900800,#prayforitaly as death toll reaches 160 and many reported missing ὤFὤFὤFὉ4Ὁ4Ὁ4 #sad #heartbroken,
ID_768483464022728704,"RT @ABC7News: #ItalyEarthquake update: Per @ABC, at least 73 people are dead following the earthquake that struck Central Italy.",Italy=>COUNTRY
ID_768572546367258625,RT @Ed_is_my_safety: @LiamPayne PLEASE RETWEET THIS! SEND €2 AT 45500 TO HELP ITALY ITS SO IMPORTANT FOR US PLEASE #PrayforItaly,ITALY=>COUNTRY
ID_768472077909233664,Powerful earthquake in #Italy kills at least 73 #ItalyEarthquake #Amatrice #ItalyQuake #,Italy=>COUNTRY
ID_768510993311883264,RT @RosieChloe: Donate to the Italian Red Cross easily via paypal here to help those affected by #ItalyEarthquake #TerremotoItalia:,Italian=>COUNTRY
ID_769518557554180096,@amcounasse How to support victims of the Earthquake thanx you,
ID_768801811633467392,RT @JosephineMcK: New serious 4.3 #earthquake at 14.30 local time causes alarm during rescue at #ItalyEarthquake #terremoto,
ID_768823361552125953,Food and supplies is flooding to area hit by #ItalyEarthquake. Heres a supply tent near #Amatrice. @USATODAY,
ID_768522501156659200,Please help us by donating 2€ to this number 45500 @Zoella @Joe_Sugg @Caspar_Lee @MarcusButler @TanyaBurr @JimChapman #PrayForItaly,
ID_768972568237842432,NYC Italian Restuarants To Donate Sales Of Pasta To Earthquake Relief  via @Gothamist @jordansimon78 #ItalyEarthquake,
ID_768528795041234944,"RT @lionsclubs: LCIF awards US$100,000 Major Catastrophe grant following #ItalyEarthquake. Donate now:",
ID_769183768531861505,Ground Still Shaking as Italy Quake Death Toll Rises to 267 - ABC News -  via @ABC #ItalyEarthquake,Italy=>COUNTRY
ID_768559751127007237,RT @billengvall: Thank you to the service men and women around the world rushing to the aid of our friends around the world #PrayForMyanmar,
ID_768914130858311680,"RT @Zeruyu: 6.2 magintude in Ueki, #Japan: 9 deaths. 6.2 magintude in Central #Italy: 250+ deaths. Italy needs better building codes! #Ita",Ueki=>CITY * Japan=>COUNTRY * Italy=>COUNTRY * Italy=>COUNTRY
ID_768559877526552578,RT @tyler_batson: Praying for #Italy. If you are in Europe donate €2 via SMS by dialing 45500. #ItalyEarthquake #donate #help #share :,Italy=>COUNTRY * Europe=>CONTINENT
ID_768828614506938368,"@EnricaCarosella #ItalyEarthquake #Amatrice #Accumoli side, it destroyed everything and killed in a devastated way. This could not have been",Amatrice=>CITY * Accumoli=>CITY
ID_768529582060343297,RT @drshaheengulrez: Our deep and heartfelt condolences are with injured victims and families,
ID_769525414393946112,RT @ShelterBox: We urgently need your help to reach families in Italy & around the world we must always be ready -,Italy=>COUNTRY
ID_768834854935035904,#PrayingForItaly The death toll has risen to 250 #ItalyEarthquake,
ID_768639670334914560,#ItalyEarthquake to donate to @crocerossa (Red Cross) from their PayPal account  RT pls Ὁ6,
ID_769213364425854977,RT @Itsdrewsgirl: guys please if you have the chance to donate 2€ text the 45500 we really need help :(( #ItalyEarthquake,
ID_768872114564792324,#Volunteers Make Up More Than Half Of First Responders After #ItalyEarthquake,
ID_768578718822436864,"please donate at 45500, Italy needs your help too #PrayForItaly #donate #ItalyEarthquake",Italy=>COUNTRY
ID_769149967827165184,"RT @Stefania_6290: Italy Earthquake Relief Fund on @globalgiving:  if you can, please donate to help my country! #It",Italy=>COUNTRY
ID_768550455072948224,Idea: this wknd Im going to cook some #Amatriciana at home AND donate to the #italyearthquake,
ID_768577558782803969,Rescue operations in #PescaradelTronto flattened by #ItalyEarthquake,
ID_768921673273864192,"250: Latest death toll 360: Estimated number of injured 1,000: People displaced #ItalyEarthquake by the numbers  (R",
ID_768553575307968512,RT @sara_turetta: Many #animals rescued today but many are dead with their owners. #ItalyEarthquake @HumaneSociety @MoveTheWorld .,
ID_768534617666314240,RT @DorisPundy: #Renzi in #Amatrice says at least 120 dead after #ItalyEarthquake. Death toll not definitive. @dwnews,Amatrice=>CITY
ID_768714717758103552,RT @nycjim: Before-and-after images of a beautiful town reduced to rubble. #Amatrice #ItalyEarthquake.,
ID_768575416756035588,@EmWatson Please give a support whit a message to the 45500ὤF #PrayForItaly #earthquake,
ID_769305165233025025,"RT @ItalianTalks: We are deeply saddened as the Italy quake death toll hits 281, state funeral planned  via @Reuters",Italy=>COUNTRY
ID_768768356367343616,Vatican spokesman says #PopeFrancis sent six Vatican police officers to Amatrice to assist with rescue/relief efforts #ItalyEarthquake,Vatican=>COUNTRY * Vatican=>COUNTRY * Amatrice=>CITY
ID_768790472617787393,"RT @EleFraser: @SamHeughan @RonDMoore Can u say that we need water, food, clothes and blood transfusions #ItalyEarthquake #Amatrice",Amatrice=>CITY
ID_769525896982257665,RT @cwarham: A @ShelterBox response team is travelling to Italy to assess what aid most relevant  #ItalyEarthquake,Italy=>COUNTRY
ID_769217196606324736,"Most residents are now homeless, death toll continues to rise. #ItalyEarthquake",
ID_768846575577759745,"People of several nationalities, workers and students, have died in #ItalyEarthquake.",
ID_769161000276852737,"#MorningNews - Infrastructure, shallow earthquake contribute to Italian towns’ destruction #ItalyEarthquake",
ID_768476700514590720,Donate #PrayersForItaly #TerremotoItalia #ItalyEarthquake,
ID_768562599772426240,"RT @DoseOfTradley: My country, Italy, needs you today guys. Please text or call 45500 to donate, share this please.. #PrayForItaly",Italy=>COUNTRY
ID_769153538400354304,"If youd like to help the #ItalyEarthquake relief fund, heres how",
ID_768749968307974145,RT @EmilyWCVB: A miraculous rescue: a little girl FOUND in the rubble; @ErikaWCVB w/those details at 6am #wcvb,
ID_769517628687806464,#ItalyEarthquake: Survivors fear family villages will become ghost towns  #terremoto,
ID_768700878593359872,RT @LucyKafanov: Another tough day ahead in #Italy where death toll climbs to 247. Helicopters fly overhead. Search & rescue continues in #,Italy=>COUNTRY
ID_769335906578919425,"Everybody IN THE WORLD can donate for the earthquake in Italy, please, we need your help!!",Italy=>COUNTRY
ID_769579336299114496,RT @cnalive: Firefighters sent by Pope rescue 3-old-boy after earthquake  #ItalyEarthquake,
ID_768527764601397252,RT @Yelena_89: Non ci sono paroleὉ4 Che tristezzaὢD Send a text to 45500 to donate 2€἞E἟9 Please spread the wordὤF #PrayForItaly,
ID_769245528752357376,Cant bear to look at the news right now. Almost 300 dead because of the #earthquake. #ItalyEarthquake,
ID_768496800793784320,RT @rainbowhar: PLEASE DONATE 45500 Thank you for all your support #PrayForItaly,
ID_768519026431623169,"RT @ApuestoEstilo_: #ItalyEarthquake help me my brother and my mom dont call me, They went on vacation to #Perugia #italy I NEED HELPὤFἿF htt",Perugia=>CITY * italy=>COUNTRY
ID_769810932285448192,"RT @TrishaThomasAP: Morning in Arquata, firefighters at work on buildings, Mass for survivors at 11 #ItalyEarthquake",Arquata=>CITY
ID_769239959136038912,"#ItalyEarthquake: please donate money to a reputable charity, not goods.",
ID_768790481342005248,RT @Kikyo91: Keisuke Honda will donate 20.000 euro for #ItalyEarthquake and wants a help to bring Japanese technology here. REAL MAN. THANK,
ID_768676245529845760,"The death toll of the #earthquake in Central Italy is 247, but a lot of people are still missing #ItalyEarthquake",Italy=>COUNTRY
ID_769812384630407168,#ItalyEarthquake : Museums to donate Sunday revenue to quake relief -,
ID_769545733955465217,RT @dreamofitaly: All profits from memberships/subscriptions + DVD sales thru 9/2 = donated to @crocerossa for #italyearthquake relief http,
ID_768728506549334016,Im helping @ShelterBox to support families left homeless by the #italyearthquake and elsewhere. You can too:,
ID_768492143467962369,"RT @nadeemmalik: Strong earthquakes in central Italy have caused extensive damage. Half the town no longer exists,” the mayor of Amatrice",Italy=>COUNTRY * Amatrice=>CITY
ID_768746318474964992,"Donate, donate e donate! #ItalyEarthquake #PrayingForItaly",
ID_768789008071680000,"RT @muz4now: 252 dead, thousands injured, homeless, lost family. #PrayforItaly #earthquake  via @AriaaJaeger",
ID_768520459239485441,RT @monksofnorcia: Update: The monks transfer to Rome #terremoto #ItalyEarthquake,Rome=>CITY
ID_768530186308554752,My heart is broken. I wish I could be there to help. If you can and youre in the area please donate bloodὉ9,
ID_768542167379869696,Very important #prayforItaly 120 people are dead for eartquake and 368 people are injured  ὤF,
ID_768493240525914112,"Im begging you, donate 2€ at the 4550. #ItalyEarthquake",
ID_768499551837773825,"RT @antoniodelotero: if youre local, donate blood, help in clean up, or open your wifi to the public to assist others. #ItalyEarthquake ht",
ID_770033996529008640,RT @lucetipo: support  to help earthquake victims #Aiutiterremoto #Earthquakeaid #PrayForItaly #cyanotype .,
ID_769108377595211776,10 year-old girl rescued from rubble 17 hours after Italian earthquake that killed 247  #italyearthquake,Italian=>COUNTRY
ID_769576104055144448,RT @niaforg: A letter from #NIAFs President @JohnMViola on our efforts to raise money for victims of #ItalyEarthquake. #NIAFblog,
ID_768574921509404672,RT @EdJoyce: 8-year-old girl pulled alive from rubble in town severely demolished by #ItalyEarthquake @AP,
ID_768537620263661568,RT @Rosa_Camm: Help us People! #protezionecivile #prayforItaly #amatrice #CentroItalia #TerremotoItalia,amatrice=>CITY
ID_769988497889456128,Special #MITP2016 on Tues. Fundraiser to help #ItalyEarthquake victims. Hope to see you there! ~@BrooksyRadio,
ID_768518731853103104,"Details of where you can take donations of food, clothes etc in Rome for those affected by #ItalyEarthquake",Rome=>CITY
ID_768505325586636800,RT @InLarryxArms: @Louis_Tomlinson pls donate in ITALY #PrayForItaly,ITALY=>COUNTRY
ID_769162959364976640,RT @1catherinesiena: First pictures of three Brits killed in Italian earthquake  #PrayforItaly,
ID_768915967304953864,RT @RDianelove: #Amatrice #Italy #PrayForItaly #Earthquake death toll rises to 247 ppl:,Italy=>COUNTRY
ID_769588681187401729,"Deadly Earthquake in Italy - help survivors, donate here through Caritas Italia.",Italy=>COUNTRY * Italia=>COUNTRY
ID_769049343823384576,Firemen saved 215 people!! Thank you for working incessantly! #terremoto #ItalyEarthquake,
ID_769171159271280640,RT @ItalyMFA: Contribute from abroad via @crocerossa to help out people affected by #ItalyEarthquake #terremoto,
ID_768473033572876288,"RT @CBCNews: It was a miracle, says nun pulled from collapsed convent during #ItalyEarthquake",
ID_768501849427218432,RT @fox28columbus: BREAKING: Italian officials say the death toll from #ItalyEarthquake has risen to 120 people  htt,
ID_769161206275907584,RT @Cam4: Were matching the sales of ἞E἟9 gifts on #cam4 in a donation to ARCI! Help us help Italy! #terremoto #ItalyEarthquake,Italy=>COUNTRY
ID_768747245080567808,RT @infinityora: I just donated 2€ to the victims of the earthquake in Italy by sending a message to 45500. Make your difference. Do the sa,Italy=>COUNTRY
ID_768541439194177536,"If you want to contribute to earthquake efforts, text your donation. #terremoto",
ID_768529758531510273,#ItalyEarthquake If u want donating money-10/20/50€ or more-u can help the Croce Rossa Italiana  pls RT @RArmitage_US,
ID_768534223783419905,RT @ROBZIK: Vatican firefighters sent by #PopeFrancis to join the rescue team in Central Italy shaken by the #earthquake #ItalyEarthquake,Italy=>COUNTRY
ID_769459261801979904,#Renzi promises to rebuild devastated towns of Umbria and Lazio  via @FT #ItalyEarthquake #Amatrice #terremoto,Umbria=>CITY * Lazio=>CITY * Amatrice=>CITY
ID_768493252286771200,RT @VOANews: Extensive damage in Italian hilltop town of Pescara del Tronto after 6.2 #ItalyEarthquake,Pescara del Tronto=>CITY
ID_768863214742495232,RT @can2009: Little girl pulled from the rubble of #ItalyEarthquake⏩  #ItalyQuake #PrayingForItaly #PrayersForItaly,
ID_768628485501792256,"RT @SriLankaTweet: Italy earthquake: 159 Died, 368 injured. Many still buried. No Sri Lankans affected #PrayForItaly #Lka srilanka /",Italy=>COUNTRY * srilanka=>COUNTRY
ID_769156559809212416,"RT @Happeningarts: This Sunday, Italian #museums will donate tickets sales to #ItalyEarthquake rescue efforts >  htt",
ID_768492034311200768,"RT @CNN: Over 1,000 people have been displaced because of the #ItalyEarthquake, Italy’s Civil Protection Agency says ",Italy=>COUNTRY
ID_768924966960107521,RT @OnyxandAlexa: How you can help those affected by earthquake→ #ItalyEarthquake #HelpItaly #aiutiterremoto,
ID_769280498170490881,"#ItalyEarthquake death toll hits 281, state funeral planned, rescue operation in some areas called off  via @Reuters",
ID_768540191103586304,RT @ZaynftLina: I was in Italy a few weeks ago .. And now its completely destroyed .. Its a heartbreaking all my prayers with you Ὁ4἞E἟9 #,Italy=>COUNTRY
ID_768479541404631041,RT @dariocaraccii: Sad to see my second home being destroyed #PrayForItaly,
ID_768506897104269314,Donate Now #ItalyEarthquake Disaster Relief #TerremotoItalia @ShelterBox,
ID_768544332135759872,"Continue to #PrayForItaly ὤFἿB as the death toll climbs above 120 after the 6.2 earthquake, more",
ID_768563495629717505,• #ItalyEarthquake • The highest number of victims in #Rieti. #Amatrice is actually a ghost town. Death toll: 159. #earthquake #Italy,Rieti=>CITY * Amatrice=>CITY * Italy=>COUNTRY
ID_769605569791533057,"RT @crocerossa: #ItalyEarthquake, heres how you can donate outside Italy:",Italy=>COUNTRY
ID_768507004486901761,RT @MyVoteTodayNews: #UPDATE Up to 40 people may have died in #ItalyEarthquake - however officials have only confirmed 14 deaths so far h,
ID_768530253337747456,You can donate even if youre not in europe! #terremoto #ItalyEarthquake #PrayForItaly,
ID_768540153765703680,RT @RT_com: #ItalyEarthquake UPDATE: Death toll rises to 73 - Civil Protection Department official,
ID_769079711507091456,RT @Digitalwideye: How to make #donations :  Iban: IT17E0335901600100000145551. (BCITITMX). #earthquakeitaly #terre,
ID_769593254597763073,Deadly Earthquake in Italy - Catholic Relief Services - donate here! #earthquake #earthquakeitaly #ItalyEarthquake,Italy=>COUNTRY
ID_769178987042136065,Crafters in solidarity w/central Italian earthquake victims: buy handmade & support  #PrayForItaly #Earthquakeaid,
ID_769912831949012992,RT @_Nico_Piro_: #ItalyEarthquake Pescara del Tronto looks like a city after an aerial bombing. Terrifying. Lets help #survivors,Pescara del Tronto=>CITY
ID_768542338184454144,RT @DockWalls: #ItalyEarthquake at least 120 people dead. I applaud #Heroes frantic efforts to rescue trapped victims.,
ID_769024998421954561,RT @AlisonBurnsJazz: Many displaced animals #ItalyEarthquake kind friends getting food to animals nr epicentre  pl,
ID_768551505230237696,"RT @RADIORMT: Amatrice - Italy, completely destroyed! #terremoto #PrayForItaly",Amatrice=>CITY * Italy=>COUNTRY
ID_768567475663409156,RT @adorvnialljh: Please can u send sms to 45500 and donate 2€ for Italian victims ?? ὤF἞E἟9 #ItalyEarthquake #PrayForItaly @NiallOfficial,
ID_769160743195381760,RT @Yaila73: A Future for #Amatrice : Slow Food Launches a Initiative  #ItalyEarthquake,Amatrice=>CITY
ID_769455002641391616,RT @foodiamo: hey @foodgps wanna support #ItalyEarthquake relief here in LA? Visit these restaurants and spread the word,LA=>STATE
ID_768770949806186496,RT @DragosIonita: .@MAERomania confirms 3 more Romanian citizens are among the victims of #ItalyEarthquake. So far 5 Romanians are among th,Romanian=>COUNTRY * Romanians=>COUNTRY
ID_768483979611742208,#Italyearthquake: At least 73 dead including many children as apocalyptic 6.2 magnitude quake,
ID_768885057851383808,"RT @MilanClubPhilly: For those in the US interested in donating to an #earthquake relief fund, see @niaforg. Please RT.",US=>COUNTRY
ID_769429800662470656,"#ItalyEarthquake Official: death toll rises to 284, 1332 shocks so far",
ID_768528898363654144,PERFAVORE DONATE AL 45500 #PrayForItaly #terremoto #ItalyEarthquake #ProtezioneCivile #TerremotoItalia,
ID_768546600889290752,"RT @JMichaelsNews: BREAKING: @USGS says there’s high chance of multiple fatalities, extensive damage from the #ItalyEarthquake.",
ID_768499829215531008,"Donate, please.. ὤFἿD #PrayForItaly",
ID_769650528389369857,45500 per donare #TerremotoItalia #terremoto #PrayingForItaly #PrayForItaly #ItalyEarthquake,
ID_768981373977788416,"RT @TonyaJoRiley: .@faineg explains how drone companies like @AeroVisionUAV, can best serve rescue efforts  #ItalyEa",
ID_769172940411797504,RT @DelicatezzaUK: A big thank to the rescuers and the volunteers that are working to bring some relief to the population #PrayforItaly htt,
ID_768546621189599232,RT @USAforHaiti: Italian Red Cross currently accepting donations for #ItalyEarthquake :,
ID_768524392871686144,D-O-N-A-T-E!!! #45500 #Terremoto #PotezioneCivile #Solidarietà #PrayForItaly #Donazione,
ID_768473198434193409,RT @NPR: The #ItalyEarthquake that killed dozens also destroyed large swaths of several towns.,
ID_768703960119185408,RT @Rasa171a: #BreakingNews Saudi airstrike kills at least 5people In Saada #Yemen 8/24/2016 #PrayForItaly,Saudi=>COUNTRY * Saada=>CITY * Yemen=>COUNTRY
ID_769541985850064900,"RT @GabRosenberg: Following the devastating #ItalyEarthquake, IsraAID disaster response team was the 1st foreign NGO to arrive & help",
ID_768546168896880640,"RT @MSNBC: At least 120 people killed, scores injured in devastating #ItalyEarthquake:",
ID_768501314355507200,"RT @MailOnline: Death toll from #ItalyEarthquake rises to 120, according to Italian PM",Italian=>COUNTRY
ID_768500566544814080,Dead toll of Italys earthquake rises 120 victims Vittime terremoto 120 #ItalyEarthquake #PrayForItaly,Italys=>COUNTRY
ID_768473703172542465,RT @cnni: BREAKING: At least 4 dead in 6.2 magnitude #ItalyEarthquake according to CNN affiliate Rai.  /,
ID_769671633971900416,RT @CatholicRelief: Help #ItalyEarthquake survivors. Were coordinating with @iamCARITAS Italy to meet the immediate needs of families: htt,Italy=>COUNTRY
ID_768476537037266944,RT @larsloekke: Many killed and even more homes razed in #ItalyEarthquake. My thoughts are with those who have lost and the Italian people .,
ID_768821891154968576,for donations from outside Italy. Can you RT please? Thank you. @KseniaSolo @sashaalexander #ItalyEarthquake,Italy=>COUNTRY
ID_768543183382781952,RT @TravelGov: Numerous aftershocks already felt throughout region after #ItalyEarthquake. Be aware of potential for additional aftershocks.,
ID_768747148653563904,RT @GossipCop: Lady Gaga Leads Celeb Donations After #ItalyEarthquake -- See More Star Reactions:,
ID_768546112751927296,At BWHotelMaster we do the best that we can #Donate Iban: IT40F0623003204000030321681 #ItalyEarthquake #PrayforItaly,
ID_768473505864245249,Donate. #PrayForItaly #protezionecivile,
ID_768519753975595009,"RT @aleplauto: 4⃣5⃣5⃣0⃣0⃣ #sms45500 2€ per le vittime del #terremoto, tutto il resto è #PrayForItaly. #RT #TerremotoItalia",
ID_768688189322190849,The number of people dead because of the earthquakes has gone up to 247 My heart hurts ἞E἟9Ὁ4 #ItalyEarthquake,
ID_768915051340304384,"huge catastrophe.Whole town gone, people died & injured. PLS TAKE A MOMENT TO SEND HEALING PRAYERS #ItalyEarthquake",
ID_769156482713739264,RT @SkyNewsBreak: The Queen has made a personal donation to support the work of the Italian Red Cross in the search and rescue effort after,Italian=>COUNTRY
ID_768886178275786752,for donations from outside Italy. Pls #bsbsoldiers around the world RT. Thanks @backstreetboys #ItalyEarthquake,Italy=>COUNTRY
ID_768483835789111296,RT @OutlanderOnline: Heres the link for the Italian Red Cross to donate:  #terremoto #ItalyEarthquake,Italian=>COUNTRY
ID_768579281626755073,RT @CCTVDCproducers: Coming up on @CCTV_America: @asiehnamdar talks to @TDellaLonga of @crocerossa about #ItalyEarthquake rescue & aid effo,
ID_768846678497566720,"RT @reportedly: This is a collaborative map, showing all points in Italy where aid for #ItalyEarthquake is being collected.",Italy=>COUNTRY
ID_768572554789392384,RT @CatholicNewsSvc: Convent among collapsed buildings in Amatrice. #ItalyEarthquake Photo @Agenzia_Ansa,
ID_768472768652402688,"RT @Farshidraminfar: At least 73 killed in mountain villages of #Italy , #PrayForItaly #ItalyEarthquake is devastating.",Italy=>COUNTRY
ID_768576081985212417,RT @CarlottaSami: #ItalyEarthquake #asylumseekers are volunteering in rescue operations #Amandola,Amandola=>CITY
ID_769463208193261568,"RT @NETELLER: To support all of the families impacted by the tragic #ItalyEarthquake this week, NETELLER is donating $10,000 to the Italian",
ID_769818829790781440,A new passage is being built as the main bridge is damaged after the #Italyearthquake in #Amatrice,Amatrice=>CITY
ID_769809673046417408,"For the ones outside Italy, you can donate here to help the Italian people beaten by the earthquake",Italy=>COUNTRY
ID_768524719733805057,@SamHeughan Can you please RT this? PLEASE DONATE AT 45500 TO HELP THE PEOPLE AFFECTED BY THE EARTHQUAKE #PrayForItaly ἞E἟9❤️ὤFἿB,
ID_768765849792606208,@UNICEF @PalomaUnicef @UNICEFmedia @scrowe_unicef 247 died at this moment. Lots of children. #ItalyEarthquake,
ID_769060305410387968,RT @AlArabiya_Eng: Aftershocks rattle Italian quake zone; toll rises to 250  #ItalyEarthquake,
ID_769425473642307584,RT @SavingHumanitee: Were donating 25% net proceeds to the Red Cross on all #ItalyStrong Socks #ItalyEarthquake #PrayForItaly,
ID_768480606711783425,RT @LexiSal: The town we stayed in while I was in Italy is destroyed after that earthquake ὢ2 #prayforitaly,Italy=>COUNTRY
ID_768711808228134912,"RT @CNN: #ItalyEarthquake At least 1,000 people have been displaced and 247 killed, officials say.  ",
ID_768513279488626688,RT @NBCNews: Photos: Crews rescue survivors buried under rubble in #ItalyEarthquake  via @NBCNewsPictures .,
ID_769078616340697089,"Although mayor of #Amatrice says town is now isolated, rescue ops continue as crews have been sleeping in tents on site. #ItalyEarthquake",Amatrice=>CITY
ID_768739062291263488,RT @khjelmgaard: 10-year-old girl pulled alive from rubble after being trapped for 17 hours  #ItalyEarthquake,
ID_768845356402696192,RT @WomenintheWorld: Watch rescuers pull 10-year-old girl from rubble alive 17 hours after #ItalyEarthquake:  :,
ID_769119512599883776,Im Italian Three days more than 300 deaths almost a thousand earthquakes.. #prayforitaly,Italian=>COUNTRY
